Search Engine,Link,Title,Source
Bing,https://www.msn.com/en-us/health/medical/roche-s-tecentriq-shows-further-good-survival-rates-as-cancer-treatment/ar-AA19WMPf,Roche’s Tecentriq shows further good survival rates as cancer treatment,MarketWatch on MSN
Bing,https://finance.yahoo.com/news/declining-stock-decent-financials-market-042510486.html,Declining Stock and Decent Financials: Is The Market Wrong About Roche Holding AG (VTX:ROG)?,YAHOO!Finance
Bing,https://www.nola.com/sports/high_schools/carvers-nathaniel-roche-named-class-4a-boys-coach-of-year/article_888704ea-db18-11ed-8a66-db27cf5c6338.html,Carver's Nathaniel Roche named Class 4A boys coach of year,NOLA.com
Bing,https://finance.yahoo.com/news/roche-tecentriq-plus-avastin-reduced-150000050.html,Roche’s Tecentriq plus Avastin reduced the risk of cancer returning in people with certain types of adjuvant liver cancer in a Phase III study,YAHOO!Finance
Bing,https://www.msn.com/en-ie/sports/more-sports/ben-healy-lands-second-place-finish-at-amstel-gold-equaling-stephen-roche/ar-AA19XdTK,Ben Healy lands second place finish at Amstel Gold equaling Stephen Roche,Irish Daily Mirror on MSN
Bing,https://www.archpaper.com/2023/04/archive-yale-university-new-website-continue-legacy-architect-kevin-roche/,An archive at Yale University and a new website continue the legacy of architect Kevin Roche,archpaper
Bing,https://pharmaphorum.com/news/roche-launches-its-decision-making-algorithm-marketplace,Roche launches its decision-making algorithm marketplace,pharmaphorum
Bing,https://www.winnipegfreepress.com/breakingnews/2023/04/14/la-roche-on-the-road-to-recovery,La Roche on the road to recovery,Winnipeg Free Press
Bing,https://www.msn.com/en-ie/sports/cycling/ben-healy-emulates-stephen-roche-with-second-place-finish-at-amstel-gold/ar-AA19VQdC,Ben Healy emulates Stephen Roche with second-place finish at Amstel Gold,Independent.ie on MSN
Bing,https://news.yahoo.com/cheyenne-roche-look-bright-side-194600102.html,Cheyenne Roche: Look on the bright side,YAHOO!News
Bing,https://pharmaphorum.com/news/roche-launches-its-decision-making-algorithm-marketplace,Roche launches its decision-making algorithm marketplace,pharmaphorum
Bing,https://www.irishtimes.com/sport/cycling/2023/04/16/ben-healy-equals-stephen-roche-in-finishing-second-in-amstel-gold-race/,Ben Healy equals Stephen Roche in finishing second in Amstel Gold Race,The Irish Times
Bing,https://www.msn.com/en-ie/sports/cycling/ben-healy-emulates-stephen-roche-with-second-place-finish-at-amstel-gold/ar-AA19VQdC,Ben Healy emulates Stephen Roche with second-place finish at Amstel Gold,Independent.ie on MSN
Bing,https://markets.businessinsider.com/news/stocks/berenberg-bank-sticks-to-its-buy-rating-for-roche-holding-ag-rhhvf-1032231463,Berenberg Bank Sticks to Its Buy Rating for Roche Holding AG (RHHVF),Business Insider
Bing,https://www.marketwatch.com/press-release/roche-introduces-navifyr-algorithm-suite-a-digital-library-of-medical-algorithms-that-enhances-clinical-decision-making-to-optimise-patient-care-2023-04-11,"Roche introduces navify(R) Algorithm Suite, a digital library of medical algorithms that enhances clinical decision-making to optimise patient care",MarketWatch
Bing,https://markets.businessinsider.com/news/stocks/jay-roche-has-joined-ivitafi-as-vice-president-of-healthcare-sales-1032222363,Jay Roche has joined iVitaFi as vice president of healthcare sales,Business Insider
Bing,https://finance.yahoo.com/news/roche-data-highlights-strength-ophthalmology-050000703.html,Roche data highlights strength of ophthalmology portfolio and commitment to advancing eye care at ARVO 2023,YAHOO!Finance
Bing,https://www.winnipegfreepress.com/breakingnews/2023/04/14/la-roche-on-the-road-to-recovery,La Roche on the road to recovery,Winnipeg Free Press
Bing,https://www.marketwatch.com/press-release/urinary-tract-infection-therapeutics-market-winning-strategies-and-insights-for-2023-2030-2023-04-17,Urinary Tract Infection Therapeutics Market: Winning Strategies and Insights for 2023-2030,MarketWatch
Bing,https://www.msn.com/en-ie/lifestyle/other/out-and-about-where-greg-oshea-stephanie-roche-and-more-were-spotted-last-week/ar-AA19AV2f,"Out and About: Where Greg O'Shea, Stephanie Roche and more were spotted last week",Irish Examiner on MSN
Bing,https://news.yahoo.com/cheyenne-roche-why-food-truck-035900072.html,Cheyenne Roche: Why the food truck fight?,YAHOO!News
Bing,https://markets.businessinsider.com/news/stocks/j-p-morgan-sticks-to-their-sell-rating-for-roche-holding-ag-rhhvf-1032223806,J.P. Morgan Sticks to Their Sell Rating for Roche Holding AG (RHHVF),Business Insider
Bing,https://www.marketwatch.com/press-release/sampling-needle-market-growth-trends-demand-forecast-2023-to-2029-roche-lifescan-bd-2023-04-12,"Sampling Needle Market Growth, Trends, Demand & Forecast 2023 to 2029 | Roche, Lifescan, BD",MarketWatch
Bing,https://www.devdiscourse.com/article/education/2406096-roche-diagnostics-india-unveils-beyourownshero-campaign-to-educate-women-about-cervical-cancer-prevention,Roche Diagnostics India Unveils #BeYourOwnShero Campaign to Educate Women About Cervical Cancer Prevention,devdiscourse
Bing,https://finance.yahoo.com/news/global-ovarian-cancer-drugs-market-142800215.html,"Global Ovarian Cancer Drugs Market Report 2023: Major Players Include AstraZeneca, Roche, Tesaro, Clovis Oncology and Amgen",YAHOO!Finance
Bing,https://www.marketwatch.com/press-release/plasminogen-market-forecast-to-2030-2023-04-14,Plasminogen Market Forecast to 2030,MarketWatch
Bing,https://www.marketwatch.com/press-release/diagnostic-reagent-market-forecast-to-2030-2023-04-14,Diagnostic Reagent Market Forecast to 2030,MarketWatch
Bing,https://www.marketwatch.com/press-release/poc-hba1c-testing-market-size-by-2030-2023-04-14,POC HbA1C Testing Market Size by 2030,MarketWatch
Bing,https://seekingalpha.com/article/4589317-roche-a-bitter-pill-it-needs-to-swallow,Roche: A Bitter Pill It Needs To Swallow,Seeking Alpha
Bing,https://markets.businessinsider.com/news/stocks/analysts-are-bullish-on-these-healthcare-stocks-neogenomics-neo-roche-holding-ag-rhhvf-1032216511,"Analysts Are Bullish on These Healthcare Stocks: NeoGenomics (NEO), Roche Holding AG (RHHVF)",Business Insider
Bing,https://www.marketwatch.com/press-release/clinical-immunochemistry-analyzers-market-medical-industry-rising-trends-demand-and-future-scope-2023-to-2030-roche-abbott-danaher-2023-04-10,"Clinical Immunochemistry Analyzers Market Medical Industry Rising Trends, Demand and Future Scope 2023 to 2030 Roche, Abbott, Danaher",MarketWatch
Bing,https://www.nbr.co.nz/investment/new-farm-emissions-reduction-fund-appoints-board/,Sir Brian Roche to chair new farm emissions reduction fund,The National Business Review
Bing,https://www.marketwatch.com/press-release/global-life-science-analytical-instruments-market-future-growth-insights-2023-2031-bruker-danaher-roche-2023-04-10,"Global Life Science & Analytical Instruments Market Future Growth Insights 2023-2031 | Bruker, Danaher, Roche",MarketWatch
Bing,https://www.marketwatch.com/press-release/medical-specialty-enzymes-market-forecast-to-2030-2023-04-14,Medical Specialty Enzymes Market Forecast to 2030,MarketWatch
Bing,https://www.marketwatch.com/press-release/lancing-devices-for-self-monitoring-of-blood-glucose-market-likely-to-enjoy-remarkable-growth-with-roche-lifescan-abbott-ascensia-2023-04-06,"Lancing Devices for Self-Monitoring of Blood Glucose Market Likely to Enjoy Remarkable Growth with Roche, Lifescan, Abbott, Ascensia",MarketWatch
Bing,https://www.finanznachrichten.de/nachrichten-2023-04/58802001-f-hoffmann-la-roche-ltd-roche-data-highlights-strength-of-ophthalmology-portfolio-and-commitment-to-advancing-eye-care-at-arvo-2023-399.htm,F. Hoffmann-La Roche Ltd: Roche data highlights strength of ophthalmology portfolio and commitment to advancing eye care at ARVO 2023,Finanznachrichten
Bing,https://www.independent.ie/regionals/kerryman/sport/gaa/kerry-selector-diarmuid-murphy-hopeful-darragh-roche-and-stefan-okunbor-will-see-championship-action-42421644.html,Kerry selector Diarmuid Murphy ‘hopeful’ Darragh Roche and Stefan Okunbor will see championship action,Independent.ie
Bing,https://www.skyscanner.net/routes/lis/rce/lisbon-to-roche-harbor.html,Cheap Flights from Lisbon to Roche Harbor,Skyscanner
Bing,https://www.fool.com/investing/2023/03/28/roches-slow-growth-shouldnt-drive-investors-away/,Roche's Slow Growth Shouldn't Drive Investors Away,The Motley Fool
Bing,https://www.reuters.com/business/healthcare-pharmaceuticals/roche-teams-up-with-lilly-validate-alzheimers-blood-test-2023-03-22/,Roche teams up with Lilly to validate Alzheimer's blood test,Reuters
Bing,https://buffalonews.com/business/local/pat-roche-determined-to-keep-moog-flying-high/article_2a8ad046-ccd2-11ed-a9dd-3339dd324de0.html,Pat Roche determined to keep Moog flying high,Buffalo News
Bing,https://www.forbes.com/sites/roberthart/2023/03/22/alzheimers-blood-test-that-could-help-diagnose-disease-earlier-is-being-developed-by-eli-lilly-and-roche/,Alzheimer’s Blood Test That Could Help Diagnose Disease Earlier Is Being Developed By Eli Lilly And Roche,Forbes
Bing,https://www.healthcaredive.com/news/Roche-Lilly-Alzheimers-test/645711/,"Roche, Lilly team on test for early detection of Alzheimer’s",Healthcare Dive
Bing,https://www.wsj.com/market-data/quotes/CH/ROG,Roche Holding AG,Wall Street Journal
Bing,https://seekingalpha.com/news/3952125-astellas-roche-team-up-integrate-accu-chek-bluestar-app,"Astellas, Roche Diabetes collaborate to integrate Accu-Chek with BlueStar app",Seeking Alpha
Bing,https://news.yahoo.com/roche-teams-lilly-validate-alzheimers-061106559.html,Roche teams up with Lilly to validate Alzheimer's blood test,Yahoo News
Bing,https://www.nasdaq.com/articles/roches-slow-growth-shouldnt-drive-investors-away,Roche's Slow Growth Shouldn't Drive Investors Away,Nasdaq
Bing,https://www.msn.com/en-us/money/topstories/bayer-chair-wins-backing-from-major-shareholder-advisory-firms/ar-AA19SlCD,Bayer chair wins backing from major shareholder advisory firms,Reuters on MSN
Bing,https://www.bc.edu/bc-web/schools/lynch-school/sites/roche/About.html,About the Roche Center,Boston College
Bing,https://www.finder.com.au/roche-covid-rapid-antigen-tests,Where to buy Roche COVID-19 rapid antigen tests,finder.com.au
Bing,https://www.statista.com/study/109015/roche-s-financial-results-2021/,Roche's financial results 2021,Statista
Bing,https://pharmaphorum.com/news/swiss-biotech-noema-raises-112m-roche-castoffs,Swiss biotech Noema raises $112m for Roche castoffs,pharmaphorum
Bing,https://www.independent.ie/topics/nicolas-roche-40598468/,Nicolas Roche,Independent.ie
Bing,https://www.wgal.com/news-team/4f5c2ac9-974d-460c-8618-1fcbb388c0f8,Brian Roche,WGAL
Bing,https://www.barrons.com/market-data/stocks/rhhby?mod=searchresults_companyquotes&mod=searchbar,Roche Holding AG ADR,Barron's
Bing,https://www.statista.com/study/86076/roche-s-financial-results-2020/,Roche's financial results 2020,Statista
Bing,https://www.bc.edu/bc-web/schools/lynch-school/sites/roche/About/Bios.html,Roche Center Team,Boston College
Bing,https://www.msn.com/en-us/money/other/two-new-tenants-open-in-south-mall/ar-AA19Xp2t,Two new tenants open in South Mall,Morning Call PA on MSN
Bing,https://www.wgal.com/article/pennsylvania-carlisle-cumberland-county-walnut-bottom-road-closed/43617119,Crash shuts down road in Cumberland County,WGAL
Bing,https://www.forbes.com/sites/mattnovak/2023/04/14/recalled-tv-carts-linked-to-deaths-of-three-children/,Recalled TV Carts Linked To Deaths Of Three Children,Forbes
Bing,https://endpts.com/vcs-complement-european-biotech-with-79m-for-retinal-aav-gene-therapy-trial-next-year/,VCs 'Com­ple­men­t' Eu­ro­pean biotech with $79M for reti­nal AAV gene ther­a­py tri­al next year,ENDPOINTS NEWS
Bing,https://www.msn.com/en-us/news/us/colleges-scramble-to-prepare-for-possible-end-of-affirmative-action/ar-AA19W33l,Colleges scramble to prepare for possible end of affirmative action,The Boston Globe on MSN
Bing,https://www.msn.com/en-us/news/crime/man-wanted-by-harrisburg-police/ar-AA19VL9C,Man wanted by Harrisburg police,WGAL on MSN
Bing,https://www.nola.com/news/politics/elections/tax-measures-in-new-orleans-st-tammany-top-early-voting/article_31d1c9aa-daf0-11ed-91e6-6bef7eec9f14.html,"Testy property taxes in New Orleans, St. Tammany top ballot as early voting starts Saturday",NOLA.com
Bing,https://www.msn.com/en-us/sports/mlb/ryan-dempster-running-2023-boston-marathon-for-lingzi-lu-foundation/ar-AA19RADd,Ryan Dempster running 2023 Boston Marathon for Lingzi Lu Foundation,CBS News on MSN
Bing,https://news.yahoo.com/c-te-la-redoute-inside-171202793.html,What is the Côte de la Redoute? Inside the decisive climb of Liège-Bastogne-Liège,YAHOO!News
Bing,https://www.yahoo.com/lifestyle/dermatologist-recommended-skincare-routine-women-233052678.html,Dermatologist-Recommended Skincare Routine For Women In Their 50s,Yahoo
Bing,https://www.msn.com/en-us/news/other/state-local-officials-join-dawoodi-bohras-in-billerica-for-breaking-of-ramadan-fast/ar-AA19Wbi2,"State, local officials join Dawoodi Bohras in Billerica for breaking of Ramadan fast",The Lowell Sun on MSN
Bing,https://www.benzinga.com/pressreleases/23/04/g31826060/global-organoids-and-spheroids-market-to-reach-us-4-567-0-million-by-2031-astute-analytica,"Global Organoids and Spheroids Market to Reach US$ 4,567.0 Million by 2031: Astute Analytica",Benzinga.com
Bing,https://www.benzinga.com/pressreleases/23/04/g31823625/asia-pacific-in-vitro-diagnostics-market-projected-to-reach-23-01-billion-by-2031-with-a-cagr-of-4,Asia Pacific In-Vitro Diagnostics Market: Projected to Reach $23.01 Billion by 2031 with a CAGR of 4.67%: Astute Analytica,Benzinga.com
Bing,https://buffalonews.com/business/local/whats-happening-this-week-in-buffalo-niagara-business/article_e006e622-dccb-11ed-9f1a-e7242dfaf7bb.html,What's happening this week in Buffalo Niagara business,Buffalo News
Bing,https://www.newsweek.com/authors/darragh-roche,Darragh Roche,Newsweek
Bing,https://www.nj.com/highschoolsports/2023/04/westwood-uses-bats-to-beat-no-15-pascack-valley-baseball-recap.html,Westwood uses bats to beat No. 15 Pascack Valley - Baseball recap,NJ.com
Bing,https://www.msn.com/en-us/health/other/the-7-best-cica-creams/ar-AA19V8y4,The 7 Best Cica Creams,Bustle on MSN
Bing,https://www.aol.com/entertainment/40-best-beauty-deals-snag-193755711.html,The 40 best beauty deals you need to snag this weekend — as low as $6,AOL
Bing,https://www.marketwatch.com/press-release/scleroderma-treatment-market-growth-by-2031-2023-04-17,Scleroderma Treatment Market Growth by 2031,MarketWatch
Bing,https://www.msn.com/en-us/sports/ncaabk/mount-st-mary-s-men-s-lacrosse-wins-seventh-straight-no-20-loyola-maryland-men-fall-to-boston-university-roundup/ar-AA19U6a7,Mount St. Mary’s men’s lacrosse wins seventh straight; No. 20 Loyola Maryland men fall to Boston University | ROUNDUP,The Baltimore Sun on MSN
Bing,https://www.mmm-online.com/home/channel/prothena-leverages-walgreens-capabilities-to-accelerate-development-of-alzheimers-drug/,Prothena leverages Walgreens’ capabilities to accelerate development of Alzheimer’s Drug,MM&M
Bing,https://www.bc.edu/bc-web/schools/lynch-school/sites/roche.html.html,Transforming Catholic Education,Boston College
Bing,https://www.alzforum.org/news/conference-coverage/what-happens-after-amyloid-plaque-removal-who-benefits-most,What Happens After Amyloid Plaque Removal? Who Benefits Most?,ALZFORUM
Bing,https://www.nasdaq.com/articles/sarepta-down-on-reports-of-fda-almost-rejecting-dmd-gene-therapy,Sarepta Down on Reports of FDA Almost Rejecting DMD Gene Therapy,Nasdaq
Bing,https://www.marketwatch.com/press-release/growing-with-confidence-a-market-analysis-of-the-anorexiants-markets-115-cagr-forecast-from-2023-to-2030-2023-04-16,Growing with Confidence: A Market Analysis of the Anorexiants Market's 11.5% CAGR Forecast from 2023 to 2030,MarketWatch
Bing,https://www.finanznachrichten.de/nachrichten-2023-04/58830466-chemometec-a-s-appointment-of-new-ceo-399.htm,Chemometec A/S: Appointment of new CEO,Finanznachrichten
Bing,https://www.marketwatch.com/press-release/unleashing-the-potential-of-the-hdl-cholesterol-kits-market-the-future-opportunities-and-growth-trends-growing-at-a-cagr-of-61-from-2023---2030-2023-04-15,Unleashing the Potential of the HDL Cholesterol Kits Market the Future Opportunities and Growth Trends growing at a CAGR of 6.1% from 2023 - 2030,MarketWatch
Bing,https://www.msn.com/en-ie/sport/gaa/kildare-defeat-clare-by-a-point-in-extra-time-to-claim-league-crown/ar-AA19W29S,Kildare defeat Clare by a point in extra-time to claim league crown,Irish Examiner on MSN
Bing,https://www.marketwatch.com/press-release/global-hepatitis-test-kits-market-analysis-and-trends-market-size-share-trends-growth-and-forecast-from-2023-to-2030-with-a-cagr-of-101-2023-04-15,"Global Hepatitis Test Kits Market Analysis and Trends: Market Size, Share, Trends, Growth, and Forecast from 2023 to 2030 with a CAGR of 10.1%",MarketWatch
Bing,https://www.msn.com/en-ie/sport/football/dublin-u-20s-turn-on-the-power-to-see-off-wexford/ar-AA19UboW,Dublin U-20s turn on the power to see off Wexford,Independent.ie on MSN
Bing,https://www.nature.com/articles/d42473-020-00399-z,Aiming for higher ambition: the Roche approach to cracking the code of cancer,Nature
Bing,https://www.marketwatch.com/press-release/the-rapid-plasma-reagin-test-market-and-its-projected-cagr-value-of-89-includes-the-primary-market-drivers-from-2023-to-2030-2023-04-16,The Rapid Plasma Reagin Test market and its projected CAGR Value of 8.9% includes the primary market drivers from 2023 to 2030.,MarketWatch
Bing,https://www.msn.com/en-us/sports/more-sports/it-was-pretty-surreal-ben-healy-shines-on-big-stage-at-amstel-gold-race/ar-AA19W8Kc,'It was pretty surreal' - Ben Healy shines on big stage at Amstel Gold Race,YAHOO!News on MSN
Bing,https://www.marketwatch.com/press-release/qualitative-research-on-ribavirin-market-size-bottle-up-cagr-analysis-with-a-cagr-of-63-forecasted-from-2023-to-2030-2023-04-16,Qualitative Research on Ribavirin Market Size bottle up CAGR Analysis with a CAGR of 6.3% forecasted from 2023 to 2030,MarketWatch
Bing,https://www.thedailybeast.com/la-roche-posay-effaclar-acne-products-review,This Acne Treatment Single-Handedly Cleared My Milia Bumps,The Daily Beast
Bing,https://www.marketwatch.com/press-release/global-cervical-dysplasia-treatment-market-forecast-will-escalate-rapidly-in-the-future-by-vmreports-2023-04-15,Global Cervical Dysplasia Treatment Market Forecast Will Escalate Rapidly in the Future By VMReports,MarketWatch
Bing,https://www.marketwatch.com/press-release/global-diagnostics-pcr-market-share-size-growth-leading-company-analysis-and-key-country-forecast-2023-2030-by-vmreports-2023-04-15,"Global Diagnostics PCR Market Share, Size, Growth, Leading Company Analysis, And Key Country Forecast 2023-2030 By VMReports",MarketWatch
Bing,https://www.marketwatch.com/press-release/hookipa-announces-grant-of-inducement-awards-under-nasdaq-listing-rule-5635c4-2023-04-14,HOOKIPA Announces Grant of Inducement Awards Under Nasdaq Listing Rule 5635(c)(4),MarketWatch
Bing,https://www.marketwatch.com/press-release/secondary-hyperparathyroidism-treatment-market-2023-latest-trends-size-share-business-outlook-and-forecast-to-2029-amgenopko-healthabbvie-2023-04-13,"Secondary Hyperparathyroidism Treatment Market 2023, Latest Trends, Size, Share, Business Outlook and Forecast to 2029 Amgen,OPKO Health,AbbVie",MarketWatch
Bing,https://www.msn.com/en-ie/sports/gaa/roisin-byrne-stars-as-kildare-claim-extra-time-thriller-over-clare/ar-AA19WSLN,Roisin Byrne stars as Kildare claim extra time thriller over Clare,Irish Examiner on MSN
Bing,https://www.bc.edu/bc-web/schools/lynch-school/sites/roche/Programs/twin-cs.html,Two-Way Immersion Network for Catholic Schools (TWIN-CS),Boston College
Bing,https://www.businessnews.com.au/Person/Fiona-Roche-0,Fiona Roche,Business News
Bing,https://www.marketwatch.com/press-release/cholesterol-management-devices-market-strategic-assessment-strong-revenue-by-top-players-boston-scientific-medtronic-abbott-2023-04-14,"Cholesterol Management Devices Market Strategic Assessment, Strong Revenue by top players – Boston Scientific, Medtronic, Abbott",MarketWatch
Bing,https://www.wsj.com/market-data/quotes/RHHBY,Roche Holding AG ADR,Wall Street Journal
Bing,https://www.bc.edu/bc-web/schools/lynch-school/sites/roche/Programs/twin-cs.html,Two-Way Immersion Network for Catholic Schools (TWIN-CS),Boston College
Bing,https://www.wsj.com/market-data/quotes/RHHBY,Roche Holding AG ADR,Wall Street Journal
Bing,https://www.marketwatch.com/press-release/cholesterol-management-devices-market-strategic-assessment-strong-revenue-by-top-players-boston-scientific-medtronic-abbott-2023-04-14,"Cholesterol Management Devices Market Strategic Assessment, Strong Revenue by top players – Boston Scientific, Medtronic, Abbott",MarketWatch
Bing,https://www.bc.edu/bc-web/schools/lynch-school/sites/roche/Programs/twin-cs.html,Two-Way Immersion Network for Catholic Schools (TWIN-CS),Boston College
Bing,https://www.wsj.com/market-data/quotes/RHHBY,Roche Holding AG ADR,Wall Street Journal
Bing,https://www.marketwatch.com/press-release/cholesterol-management-devices-market-strategic-assessment-strong-revenue-by-top-players-boston-scientific-medtronic-abbott-2023-04-14,"Cholesterol Management Devices Market Strategic Assessment, Strong Revenue by top players – Boston Scientific, Medtronic, Abbott",MarketWatch
Bing,https://www.bc.edu/bc-web/schools/lynch-school/sites/roche/Programs/twin-cs.html,Two-Way Immersion Network for Catholic Schools (TWIN-CS),Boston College
Bing,https://www.wsj.com/market-data/quotes/RHHBY,Roche Holding AG ADR,Wall Street Journal
Bing,https://www.marketwatch.com/press-release/cholesterol-management-devices-market-strategic-assessment-strong-revenue-by-top-players-boston-scientific-medtronic-abbott-2023-04-14,"Cholesterol Management Devices Market Strategic Assessment, Strong Revenue by top players – Boston Scientific, Medtronic, Abbott",MarketWatch
Bing,https://www.bc.edu/bc-web/schools/lynch-school/sites/roche/Programs/twin-cs.html,Two-Way Immersion Network for Catholic Schools (TWIN-CS),Boston College
Bing,https://www.wsj.com/market-data/quotes/RHHBY,Roche Holding AG ADR,Wall Street Journal
Bing,https://www.marketwatch.com/press-release/cholesterol-management-devices-market-strategic-assessment-strong-revenue-by-top-players-boston-scientific-medtronic-abbott-2023-04-14,"Cholesterol Management Devices Market Strategic Assessment, Strong Revenue by top players – Boston Scientific, Medtronic, Abbott",MarketWatch
Google,https://www.fiercepharma.com/pharma/patient-deaths-taint-roches-industry-first-early-stage-liver-cancer-readout-tecentriq,Patient deaths taint Roche's landmark adjuvant liver cancer data,Fierce Pharma
Google,https://www.marketwatch.com/story/roche-s-tecentriq-shows-further-good-survival-rates-as-cancer-treatment-10f78fb2,Roche’s Tecentriq shows further good survival rates as cancer treatment,MarketWatch
Google,https://finance.yahoo.com/news/declining-stock-decent-financials-market-042510486.html,"Declining Stock and Decent Financials: Is The Market Wrong About Roche 
Holding AG (VTX:ROG)?",Yahoo Finance
Google,https://www.marketwatch.com/story/roche-s-tecentriq-shows-further-good-survival-rates-as-cancer-treatment-10f78fb2?mod=investing,Roche's Tecentriq Shows Further Good Survival Rates as Cancer Treatment,MarketWatch
Google,https://www.pillarcatholic.com/p/cardinal-roche-to-german-bishops,"Cardinal Roche to German bishops: 'Nein' to regular lay baptisms and 
preaching at Mass",The Pillar
Google,https://onepeterfive.com/cardinal-roche-vatican-ii-rupture/,Cardinal Roche on the Vatican II Rupture,OnePeterFive
Google,https://www.marketscreener.com/quote/stock/ROCHE-HOLDING-AG-9364975/news/ROCHE-HOLDINGS-AG-JP-Morgan-reiterates-its-Sell-rating-43520899/,ROCHE HOLDINGS AG : JP Morgan reiterates its Sell rating,Market Screener
Google,https://www.globenewswire.com/news-release/2023/04/16/2647456/0/en/Roche-s-Tecentriq-plus-Avastin-reduced-the-risk-of-cancer-returning-in-people-with-certain-types-of-adjuvant-liver-cancer-in-a-Phase-III-study.html,Roche's Tecentriq plus Avastin reduced the risk of cancer,GlobeNewswire
Google,https://www.kstatesports.com/news/2023/4/12/mansfield-adds-roche-to-volleyball-coaching-staff.aspx,"Mansfield Adds Roche to Volleyball Coaching Staff - Kansas State University 
Athletics",K-State Athletics
Google,https://www.nola.com/sports/high_schools/carvers-nathaniel-roche-named-class-4a-boys-coach-of-year/article_888704ea-db18-11ed-8a66-db27cf5c6338.html,Carver's Nathaniel Roche named Class 4A boys coach of year,NOLA.com
Google,https://www.digitaljournal.com/pr/news/rna-medicine-market-overview-and-competitive-analysis-pfizer-roche-sanofi-aventis-abbott-laboratories,"RNA Medicine Market Overview and Competitive Analysis – Pfizer, Roche, 
Sanofi-Aventis, Abbott Laboratories",Digital Journal
Google,https://democratherald.com/opinion/letters/letter-vote-for-candidates-who-roche-opposes/article_233a9730-d7eb-11ed-a2f3-7322eed1780b.html,Letter: Vote for candidates who Roche opposes,Albany Democrat-Herald
Google,https://www.altoonamirror.com/sports/altoona-curve/2023/04/roche-automated-strike-zone-is-coming-to-mlb-parks-soon/,Roche: Automated strike zone is coming to MLB parks soon,Altoona Mirror
Google,https://www.roche.com/stories/science-ophtalmology,Looking beyond the horizon to change the trajectory for vision loss,Roche
Google,https://www.legacy.com/us/obituaries/name/helen-roche-obituary?id=51637010,Helen Roche Obituary (1924 - 2022),Legacy.com
Google,https://crescentcitysports.com/carvers-nathaniel-roche-notches-coach-of-the-year-honor-on-class-4a-all-state-basketball-squad/,"Carver's Nathaniel Roche notches coach of the year honor on Class 4A 
All-State basketball squad",Crescent City Sports
Google,https://www.fiercebiotech.com/biotech/genexines-anemia-drug-matches-roche-csl-product-phase-3-laying-groundwork-filings-asia,"Genexine's anemia drug matches Roche-CSL product in phase 3, laying 
groundwork for Asia filings",Fierce Biotech
Google,https://www.prnewswire.com/news-releases/roche-introduces-navify-algorithm-suite-a-digital-library-of-medical-algorithms-that-enhances-clinical-decision-making-to-optimise-patient-care-301793949.html,"Roche introduces navify® Algorithm Suite, a digital library of medical 
algorithms that enhances clinical decision-making ...",PR Newswire
Google,https://www.globenewswire.com/news-release/2023/04/13/2645842/0/en/Roche-data-highlights-strength-of-ophthalmology-portfolio-and-commitment-to-advancing-eye-care-at-ARVO-2023.html,"Roche data highlights strength of ophthalmology portfolio and commitment to 
advancing eye care at ARVO 2023",GlobeNewswire
Google,https://news.yahoo.com/cheyenne-roche-look-bright-side-194600102.html,Cheyenne Roche: Look on the bright side,Yahoo News
Google,https://www.marketscreener.com/quote/stock/ROCHE-HOLDING-AG-9364975/news/Roche-s-Liver-Cancer-Combo-Lowers-Risk-of-Recurrence-in-Late-stage-Trial-43517475/,Roche's Liver Cancer Combo Lowers Risk of Recurrence in Late-stage Trial,Market Screener
Google,https://www.intheknow.com/post/la-roche-posay-toleriane-eye-cream/,"This $30 drugstore eye cream works better than any fancy one I’ve tried 
(and I’ve tried a lot)",In The Know
Google,https://www.roche.com/worldwide/,Roche affiliates worldwide,Roche
Google,https://www.digitaljournal.com/pr/news/portable-diagnostic-device-market-to-witness-enhanced-growth-during-2023-2030-pixcell-siemens-ag-roche-products-limited-alere-inc-,"Portable Diagnostic Device Market to Witness Enhanced Growth During 
2023-2030 | PixCell, Siemens AG, Roche ...",Digital Journal
Google,https://www.gallup.com/workplace/472763/roche-health-innovations-patient-safety.aspx,Roche: Health Innovations With Patient Safety,Gallup
Google,https://www.digitaljournal.com/pr/news/home-medical-equipment-market-coherent-market-insights-a-report-on-the-latest-developments-and-their-potential-key-players-baxter-ge-healthcare-f-hoffmann-la-roche-ltd,"Home Medical Equipment Market | Coherent Market Insights: A Report on the 
Latest Developments and their Potential ...",Digital Journal
Google,https://www.digitaljournal.com/pr/news/blood-screening-market-2023-by-share-size-growth-segments-revenue-and-top-manufacturers-analysis-grifols-roche-abbott-laboratories-bioma-rieux-bio-rad-laboratories,"Blood Screening Market 2023 by Share, Size, Growth, Segments, Revenue and 
Top Manufacturers Analysis | Grifols ...",Digital Journal
Google,https://www.tatler.com/article/mary-roche-princess-diana-aunt-dies-aged-88,"Family tragedy for Earl Spencer as he bids a final farewell to his 
'enormously fun' aunt Mary",Tatler
Google,https://www.insideindianabusiness.com/articles/roche-lilly-team-up-to-catch-alzheimers-early,Roche & Lilly team up to catch Alzheimer's early – Inside INdiana Business,Inside INdiana Business
Google,https://www.journalpatriot.com/obituaries/hazel-marie-gambrell-roche/article_d1d0148b-f942-52cb-8113-f4701aada824.html,Hazel Marie Gambrell Roche' | Obituaries | journalpatriot.com,Wilkes Journal-Patriot
Google,https://www.reuters.com/business/healthcare-pharmaceuticals/roche-teams-up-with-lilly-validate-alzheimers-blood-test-2023-03-22/,Roche teams up with Lilly to validate Alzheimer's blood test,Reuters
Google,https://www.americamagazine.org/faith/2023/04/12/terre-roche-james-martin-new-serenity-prayer-245036,A New Serenity Prayer by Father James Martin and Terre Roche,America Magazine
Google,https://www.reuters.com/business/healthcare-pharmaceuticals/roche-flags-2023-earnings-decline-slump-covid-products-2023-02-02/,Roche warns 2023 profits will fall on $5 bln COVID sales hit,Reuters
Google,https://seekingalpha.com/article/4589317-roche-a-bitter-pill-it-needs-to-swallow,Roche (RHHBF) Stock: A Bitter Pill It Needs To Swallow,Seeking Alpha
Google,https://www.prnewswire.com/news-releases/astellas-and-roche-diabetes-care-japan-ink-partnership-agreement-to-develop-and-commercialize-integrated-diabetes-self-management-solution-with-bluestar-301784053.html,"Astellas and Roche Diabetes Care Japan ink partnership agreement to develop 
and commercialize integrated diabetes ...",PR Newswire
Google,https://www.benzinga.com/general/biotech/23/04/31783350/exclusive-fda-grants-expedited-review-status-to-sab-biotherapeutics-influenza-antibody,"EXCLUSIVE: FDA Grants Expedited Review Status To SAB Biotherapeutics' 
Influenza Antibody - Roche Holding (OTC ...",Benzinga
Google,https://uk.finance.yahoo.com/news/global-ovarian-cancer-drugs-market-142800299.html,"Global Ovarian Cancer Drugs Market Report 2023: Major Players Include 
AstraZeneca, Roche, Tesaro, Clovis Oncology and Amgen",Yahoo Finance
Google,https://www.prnewswire.com/news-releases/roche-expands-collaboration-with-janssen-to-advance-personalised-healthcare-through-companion-diagnostics-301742757.html,"Roche expands collaboration with Janssen to advance personalised healthcare 
through companion diagnostics",PR Newswire
Google,https://www.digitaljournal.com/pr/news/diabetes-management-devices-market-2023-growing-demand-size-and-business-outlook-abbott-laboratories-dexcom-roche-lifescan,"Diabetes Management Devices Market 2023 Growing Demand, Size and Business 
Outlook – Abbott Laboratories ...",Digital Journal
Google,https://www.irishtimes.com/sport/cycling/2023/04/16/ben-healy-equals-stephen-roche-in-finishing-second-in-amstel-gold-race/,Ben Healy equals Stephen Roche in finishing second in Amstel Gold Race,The Irish Times
Google,https://www.fool.com/investing/2023/03/28/roches-slow-growth-shouldnt-drive-investors-away/,Roche's Slow Growth Shouldn't Drive Investors Away,The Motley Fool
Google,https://www.mountobserver.com/2023/04/profile-kara-roche/,Profile: Kara Roche,The Mount Observer
Google,https://www.roche.com/legal-statement/,Legal Statement,Roche
Google,https://www.biopharma-reporter.com/Article/2023/03/30/Roche-s-bispecific-antibody-treatment-for-blood-cancer-nabs-first-approval-in-Canada,"Roche's bispecific antibody treatment for blood cancer nabs first approval 
in Canada",BioPharma-Reporter.com
Google,https://finance.yahoo.com/news/roche-rhhby-lilly-co-develop-135001547.html,Roche (RHHBY) & Lilly to Co-Develop Alzheimer's Detection Device,Yahoo Finance
Google,https://www.globenewswire.com/news-release/2023/03/22/2631934/0/en/Roche-announces-collaboration-with-Lilly-to-enhance-early-diagnosis-of-Alzheimer-s-disease.html,"Roche announces collaboration with Lilly to enhance early diagnosis of 
Alzheimer's disease",GlobeNewswire
Google,https://www.roche.com/stories/future-of-gene-therapy-in-partnering/,Future cures are in our genes,Roche
Google,https://www.bloomberg.com/news/articles/2023-01-11/roche-is-looking-inward-for-new-pharma-chief-as-pressure-grows,Roche Looks Within Company for Pharma Chief as Pressure Grows,Bloomberg.com
Google,https://www.irishmirror.ie/sport/other-sport/cycling/ben-healy-lands-second-place-29729625,Ben Healy lands second place finish at Amstel Gold equaling Stephen Roche,Irish Mirror
Google,https://www.fool.com/investing/2023/03/20/is-roche-a-buy-now/,Is Roche a Buy Now?,The Motley Fool
Google,https://www.reuters.com/markets/deals/roche-buys-back-shares-family-group-reduces-voting-stake-drugmaker-2023-02-10/,Roche buys back shares as family group reduces voting stake in drugmaker,Reuters
Google,https://www.fiercepharma.com/pharma/record-fine-475m-novartis-roche-overturned-french-appeals-court,"Novartis, Roche avoid $475M fine in French appeals court",Fierce Pharma
Google,https://www.fiercepharma.com/pharma/roche-names-insider-graham-new-pharma-chief-it-reels-setbacks-braces-covid-product-declines,"Roche names new pharma chief, braces for COVID sales declines",Fierce Pharma
Google,https://www.fiercebiotech.com/medtech/roche-eli-lilly-team-alzheimers-biomarker-blood-test,"Roche, Eli Lilly team up on Alzheimer's blood test",Fierce Biotech
Google,https://www.nbcnews.com/select/shopping/best-skin-care-products-rosacea-ncna1299897,15 best skin care products for rosacea and redness in April 2023,NBC News
Google,https://www.reuters.com/business/healthcare-pharmaceuticals/roche-shutters-most-trials-alzheimers-drug-after-failed-trials-2022-12-01/,Roche shutters most trials of Alzheimer's drug after failed trials,Reuters
Google,https://www.biospace.com/article/fda-action-alert-roche-emergent-and-more/,"FDA Action Alert: Roche, Emergent and More",BioSpace
Google,https://seekingalpha.com/article/4585613-roche-ongoing-pipeline-issues-sap-growth-increase-m-and-a-likelihood,"Roche: Ongoing Pipeline Issues Sap Growth, Increase M&A Likelihood 
(OTCMKTS:RHHBY)",Seeking Alpha
Google,https://www.prnewswire.com/news-releases/roche-announces-brad-moore-as-president-and-ceo-of-roche-diagnostics-north-america-301694169.html,"Roche Announces Brad Moore as President and CEO of Roche Diagnostics North 
America",PR Newswire
Google,https://www.independent.ie/sport/other-sports/cycling/ben-healy-emulates-stephen-roche-with-second-place-finish-at-amstel-gold-42434884.html,Ben Healy emulates Stephen Roche with second-place finish at Amstel Gold,Independent.ie
Google,https://www.cbsnews.com/boston/news/dan-roche-red-sox-opening-day-poem-2023-season-toucher-and-rich-wbz/,Dan Roche's Opening Day poem will get you ready for the 2023 Red Sox season,CBS News
Google,https://www.forbes.com/sites/roberthart/2023/03/22/alzheimers-blood-test-that-could-help-diagnose-disease-earlier-is-being-developed-by-eli-lilly-and-roche/,"Alzheimer’s Blood Test That Could Help Diagnose Disease Earlier Is Being 
Developed By Eli Lilly And Roche",Forbes
Google,https://www.npr.org/sections/now-playing/2022/11/03/1133523521/terre-maggie-roche-moonruns,Hear Terre & Maggie Roche's previously unreleased 'Moonruns' : #NowPlaying,NPR
Google,https://www.globenewswire.com/news-release/2022/12/12/2571490/0/en/Ad-hoc-announcement-pursuant-to-Art-53-LR-Roche-Changes-in-the-Board-of-Directors-and-the-Corporate-Executive-Committee.html,"[Ad hoc announcement pursuant to Art. 53 LR] Roche: Changes in the Board of 
Directors and the Corporate Executive ...",GlobeNewswire
Google,https://www.pmlive.com/pharma_news/roche_and_eli_lilly_to_collaborate_on_alzheimers_disease_blood_test_1490047,Roche and Eli Lilly to collaborate on Alzheimer’s disease blood test,PMLiVE
Google,https://www.bloomberg.com/news/articles/2023-02-14/billionaire-family-behind-roche-tested-by-900-million-surprise-share-sale,Billionaire Family Behind Roche Tested by $900 Million Surprise Share Sale,Bloomberg.com
Google,https://seekingalpha.com/article/4567089-roche-worthy-of-big-pharma-label-maybe-not-a-value-pick-yet,"Roche: Worthy Of Big Pharma Label, Maybe Not A 'Value Pick'",Seeking Alpha
Google,https://www.prnewswire.com/news-releases/roche-diagnostics-sets-new-milestone-in-the-middle-east-with-iso27001-information-security-certification-301698018.html,"Roche Diagnostics sets new milestone in the Middle East with ISO27001 
Information Security certification USA ...",PR Newswire
Google,https://www.fiercepharma.com/pharma/roche-searches-pharma-chief-andersons-successor-within-chairman,Roche searches within for pharma chief Bill Anderson's successor: chairman,Fierce Pharma
Google,https://www.legacy.com/us/obituaries/berkshire/name/john-roche-obituary?id=51591140,"John Roche Obituary (1939 - 2023) - Lanesboro, MA - The Berkshire Eagle",Legacy.com
Google,https://www.prnewswire.com/news-releases/roche-launches-pilot-brand-expands-retail-channels-for-covid-19-at-home-test-301673941.html,"Roche launches Pilot brand, expands retail channels for COVID-19 At-Home 
Test",PR Newswire
Google,https://www.fiercebiotech.com/biotech/genentech-probe-tessier-lavigne-paper-finds-no-fraud-evidence-image-anomalies-stay,Genentech probe of Tessier-Lavigne paper finds no fraud evidence,Fierce Biotech
Google,https://finance.yahoo.com/news/zacks-analyst-blog-highlights-berkshire-105410670.html,"The Zacks Analyst Blog Highlights Berkshire Hathaway, Roche Holding, Thermo 
Fisher Scientific, Mitsubishi UFJ Financial Group and Synopsys",Yahoo Finance
Google,https://www.fiercepharma.com/pharma/after-splashing-1b-roche-returns-lagging-cancer-drug-gavreto-blueprint,"After splashing $1B, Roche returns Gavreto to Blueprint",Fierce Pharma
Google,https://www.reuters.com/business/healthcare-pharmaceuticals/roche-launches-new-test-detect-fast-spreading-omicron-sub-variant-2023-01-26/,Roche launches new test to detect fast spreading Omicron sub-variant,Reuters
Google,https://www.biospace.com/article/roche-ends-akt-program-anticipates-regulatory-pivotal-milestones/,Roche Abandons AKT Prostate Cancer Asset,BioSpace
Google,https://finance.yahoo.com/news/top-stock-reports-berkshire-hathaway-170105565.html,"Top Stock Reports for Berkshire Hathaway, Roche & Thermo Fisher Scientific",Yahoo Finance
Google,https://www.cnbc.com/2023/02/02/roche-flags-2023-earnings-decline-on-slump-in-covid-products.html,Roche flags 2023 earnings decline on slump in Covid products,CNBC
Google,https://www.fiercepharma.com/pharma/what-practice-changing-polivy-fda-challenges-roche-drug-ahead-lymphoma-expert-hearing,FDA casts doubt on Roche's Polivy filing in first-line lymphoma,Fierce Pharma
Google,https://www.roche.com/us-privacy-policy/,US Supplemental Privacy Notice,Roche
Google,https://atriumhealth.org/dailydose/2022/09/30/shannon-roche-returns-to-matthews-now-accepting-new-patients-at-one-health-family-medicine,"Shannon Roche, DO, Returns to Matthews, Now Accepting New Patients at One 
Health Family Medicine",Atrium Health
Google,https://www.prnewswire.com/news-releases/blueprint-medicines-to-regain-global-rights-to-gavreto-pralsetinib-from-roche-301754042.html,"Blueprint Medicines to Regain Global Rights to GAVRETO® (pralsetinib) from 
Roche",PR Newswire
Google,https://fsspx.news/en/news-events/news/rome-cardinal-roche-sends-letter-warning-german-bishops-81549,Rome: Cardinal Roche Sends a Letter of Warning to the German Bishops,FSSPX.News
Google,https://www.globenewswire.com/news-release/2023/02/02/2600132/0/en/Ad-hoc-announcement-pursuant-to-Art-53-LR-Roche-reports-good-results-for-2022-despite-decline-in-demand-for-COVID-19-products.html,"[Ad hoc announcement pursuant to Art. 53 LR] Roche reports good results for 
2022 despite decline in demand for ...",GlobeNewswire
Google,https://www.insideindianabusiness.com/articles/roche-diagnostics-names-north-american-chief,Roche Diagnostics names North American chief – Inside INdiana Business,Inside INdiana Business
Google,https://www.nature.com/articles/s41586-022-05629-6,A dense ring of the trans-Neptunian object Quaoar outside its Roche limit,Nature
Google,https://www.fiercepharma.com/pharma/roche-touts-tecentriq-postsurgery-liver-cancer-win-more-adjuvant-readouts-come-2023,Roche starts Tecentriq readout spree with liver cancer win,Fierce Pharma
Google,https://finance.yahoo.com/news/roche-joins-hand-lilly-improve-135434948.html,"Roche Joins Hand With Lilly To Improve Early Diagnosis Of Alzheimer's 
Disease",Yahoo Finance
Google,https://money.usnews.com/investing/news/articles/2023-02-02/roche-flags-2023-earnings-decline-on-slump-in-covid-products,Roche Warns 2023 Profits Will Fall on $5 Billion COVID Sales Hit,U.S. News - Money
Google,https://www.prnewswire.com/news-releases/ovarian-cancer-market-growing-rapidly-estimates-delveinsight--bristol-myers-squibb-ono-pharmaceuticals-merck--co-abbvie-roche-clovis-oncology-are-expected-to-contribute-to-growth-301795318.html,"Ovarian Cancer Market Growing Rapidly, Estimates DelveInsight | 
Bristol-Myers Squibb, Ono Pharmaceuticals, Merck ...",PR Newswire
Google,https://www.reuters.com/business/healthcare-pharmaceuticals/roche-says-phase-iii-trial-alzheimers-trial-drug-fails-2022-11-14/,Roche's Alzheimer's drug fails to meet goal in long awaited trial,Reuters
Google,https://www.reuters.com/business/bayers-new-ceo-long-time-roche-genentech-executive-bill-anderson-2023-02-08/,"Factbox: Bayer's new CEO: long-time Roche, Genentech executive, Bill 
Anderson",Reuters
Google,https://www.reuters.com/business/healthcare-pharmaceuticals/roche-names-new-ceo-with-schwan-set-become-chairman-2022-12-12/,Roche's head of pharmaceuticals to leave company,Reuters
Google,https://www.businesswire.com/news/home/20230118005611/en/HKSTP-and-Roche-join-hands-in-strategic-collaboration,HKSTP and Roche join hands in strategic collaboration,Business Wire
Google,https://www.biospace.com/article/releases/roche-introduces-the-navify-brand-for-its-digital-health-solutions-at-hlth-2022/,"Roche introduces the navify brand for its digital health solutions at HLTH 
2022",BioSpace
Google,https://finance.yahoo.com/news/roches-rhhby-2022-core-earnings-192607967.html,"Roche's (RHHBY) 2022 Core Earnings Grow, 2023 Outlook Dismal",Yahoo Finance
Google,https://www.fiercebiotech.com/biotech/chasing-pfizer-and-roche-regenxbio-benefits-fda-boost-dmd-gene-therapy,"Chasing Pfizer and Roche, Regenxbio benefits from FDA boost for DMD gene 
therapy",Fierce Biotech
Google,https://www.townandcountrymag.com/style/home-decor/a42792439/roche-bobois-2023-collection/,Roche Bobois's Latest Collection Finds Inspiration from the 70s,Town & Country Magazine
Google,https://finance.yahoo.com/news/roche-flags-lower-2023-sales-140842604.html,"Roche Flags Lower 2023 Sales On Declining Demand For COVID-19 Treatment, 
Diagnostics",Yahoo Finance
Google,https://www.shu.edu/business/news/you-are-invited-entrepreneur-masterclass-on-startups.cfm,"Entrepreneur Masterclass Featuring Gabino and Stephen Roche, Co-Founders of 
Saphyre, a Fintech Startup",Seton Hall University
Google,https://www.evaluate.com/vantage/articles/news/trial-results-snippets/roche-losing-its-perioperative-lung-cancer-lead,Roche is losing its perioperative lung cancer lead,Evaluate Pharma
Google,https://www.prnewswire.com/news-releases/jnana-therapeutics-announces-second-collaboration-with-roche-to-address-challenging-to-drug-targets-in-cancer-immune-mediated-and-neurological-diseases-301677550.html,"Jnana Therapeutics Announces Second Collaboration with Roche to Address 
Challenging-to-Drug Targets in Cancer ...",PR Newswire
Google,https://www.fiercepharma.com/marketing/bristol-myers-squibb-boehringer-ingelheim-and-roche-most-mature-pharmas-social-media,"Bristol Myers Squibb, Boehringer Ingelheim and Roche most mature pharmas on 
social media (but still room for ...",Fierce Pharma
Google,https://www.dechert.com/knowledge/news/2023/2/dechert-obtains-a-major-victory-for-roche-before-the-paris-court.html,"Dechert Obtains a Major Victory for Roche Before the Paris Court of Appeal 
With the Complete Annulment of the French ...",Dechert LLP
Google,https://www.fiercepharma.com/pharma/roche-sues-biogen-over-royalties-multiple-sclerosis-drug-tysabri,Roche takes Biogen to court over royalties for Tysabri,Fierce Pharma
Google,https://www.roche.com/stories/building-bridges-in-personalised-healthcare/,"Planning for the future: a new framework for improving health outcomes 
worldwide",Roche
Google,https://www.roche.com/stories/bringing-digital-innovation-to-patients-faster/,New ways to bring digital innovation to patients faster,Roche
Google,https://www.globenewswire.com/news-release/2023/02/07/2602583/0/en/Roche-announces-positive-data-from-global-phase-III-programme-for-crovalimab-in-PNH-a-rare-life-threatening-blood-condition.html,"Roche announces positive data from global phase III programme for 
crovalimab in PNH, a rare life-threatening blood ...",GlobeNewswire
Google,https://www.biospace.com/article/releases/roche-joins-forces-with-the-u-s-centers-for-disease-control-and-prevention-to-strengthen-laboratory-systems-in-the-fight-against-the-hiv-and-tuberculosis-epidemics/,"Roche joins forces with the U.S. Centers for Disease Control and Prevention 
to strengthen laboratory systems in the ...",BioSpace
Google,https://www.reuters.com/business/healthcare-pharmaceuticals/roche-sales-decline-more-than-expected-covid-products-slide-2022-10-18/,Roche sales decline more than expected as COVID products slide,Reuters
Google,https://www.fiercebiotech.com/biotech/akt-over-roche-dumps-phase-3-prostate-cancer-prospect,The AKT is over: Roche dumps phase 3 prostate cancer prospect,Fierce Biotech
Google,https://www.science.org/content/article/roche-alzheimer-s-antibody-fails-slow-cognitive-decline-major-test,Roche Alzheimer's antibody fails to slow cognitive decline in major test,Science
Google,https://www.irishexaminer.com/sport/othersport/arid-41117944.html,Ben Healy emulates Stephen Roche with podium finish at Amstel Gold,Irish Examiner
Google,https://www.fiercepharma.com/pharma/roches-covid-drugs-tumble-1b-new-star-vabysmo-rushes-counter-biosimilar-hit-lucentis,"Roche's COVID drugs tumble $1B as new eye launch Vabysmo rushes to counter 
biosimilar-hit Lucentis",Fierce Pharma
Google,https://www.fiercebiotech.com/biotech/roche-races-regulators-after-matching-astrazenecas-rare-disease-blockbuster-phase-3,"Roche races to regulators after matching AstraZeneca's rare disease 
blockbuster in phase 3",Fierce Biotech
Google,https://www.fool.com/investing/2023/01/02/better-large-cap-roche-holding-or-gilead-sciences/,Better Large-Cap Buy: Roche Holding or Gilead Sciences Stock?,The Motley Fool
Google,https://www.reuters.com/business/healthcare-pharmaceuticals/us-fda-authorizes-roches-monkeypox-test-2022-11-15/,U.S. FDA authorizes Roche's monkeypox test,Reuters
Google,https://www.thepharmaletter.com/article/despite-covid-19-products-downturn-roche-2022-sales-grow,"Despite COVID-19 products downturn, Roche 2022 sales grow",The Pharma Letter
Google,https://www.fiercepharma.com/marketing/roche-and-pfizer-collaborate-expand-knowledge-covid-19,"Roche, Pfizer collaborate to expand knowledge of COVID-19",Fierce Pharma
Google,https://www.fiercepharma.com/pharma/roche-exelixis-tecentriq-cabometyx-pair-fails-again-time-kidney-cancer,"Roche, Exelixis' Tecentriq-Cabometyx pair fails again—this time in kidney 
cancer",Fierce Pharma
Google,https://news.yahoo.com/dan-roches-2023-red-sox-165647573.html,Dan Roche's 2023 Red Sox preview: Boston's bullpen,Yahoo News
Google,https://www.globenewswire.com/news-release/2023/02/23/2613873/0/en/Roche-launches-two-new-antibodies-to-identify-key-clinical-mutations-in-patients-with-brain-cancer.html,"Roche launches two new antibodies to identify key clinical mutations in 
patients with brain cancer",GlobeNewswire
Google,https://www.reuters.com/legal/legalindustry/crypto-law-firm-roche-freedman-parts-ways-with-founder-after-video-leak-2022-10-19/,Crypto law firm Roche Freedman parts ways with founder after video leak,Reuters
Google,https://www.biospace.com/article/roche-exelixis-post-late-stage-failure-in-kidney-cancer/,"Roche, Exelixis Suffer Another Late-Stage Cancer Combo Failure",BioSpace
Google,https://www.reuters.com/business/healthcare-pharmaceuticals/us-fda-approves-roches-covid-19-antibody-2022-12-21/,U.S. FDA approves Roche's COVID-19 antibody,Reuters
Google,https://www.biospace.com/article/hookipa-partners-with-roche-on-broad-kras-inhibitor-program/,"Roche and Hookipa Tie Up in KRAS Inhibitor Deal Valued at Potential $950M 
(Updated)",BioSpace
Google,https://www.globenewswire.com/news-release/2022/10/12/2532469/0/en/Roche-to-introduce-its-next-generation-portfolio-of-SARS-CoV-2-rapid-antigen-tests-2-0-under-CE-Mark-for-self-test-and-professional-use.html,"Roche to introduce its next-generation portfolio of SARS-CoV-2 rapid 
antigen tests (“2.0”) under CE Mark for self-test ...",GlobeNewswire
Google,https://www.inquirer.com/obituaries/walter-roche-obituary-philadelphia-inquirer-sun-times-tennessean-20230117.html,"Walter F. Roche Jr., former Inquirer investigative reporter, actor, and 
blogger, has died at 75",Philadelphia Inquirer
Google,https://www.globenewswire.com/news-release/2022/12/14/2573316/0/en/Roche-announces-U-S-collaboration-with-Pfizer-to-help-patients-who-test-positive-for-COVID-19-navigate-risks-symptoms-testing-and-treatment-options.html,"Roche announces U.S. collaboration with Pfizer to help patients who test 
positive for COVID-19 navigate risks ...",GlobeNewswire
Google,https://www.roche.com/stories/united-voices-driving-change-in-cancer-care/,"United voices, driving change in cancer care",Roche
Google,https://www.evaluate.com/vantage/articles/news/snippets/roche-adds-lung-fibrosis-disappointment,Roche adds to the lung fibrosis disappointment,Evaluate Pharma
Google,https://www.thepharmaletter.com/article/roche-announces-board-and-exec-changes,Roche announces board and exec changes,The Pharma Letter
Google,https://www.fiercepharma.com/pharma/bayer-taps-roche-vet-anderson-its-next-ceo-pushing-out-baumann,"Bayer taps Roche vet Bill Anderson as its next CEO, pushing out Werner 
Baumann",Fierce Pharma
Google,https://www.biopharma-reporter.com/Article/2023/02/07/Roche-announces-positive-Phase-3-data-for-crovalimab-in-PNH,Roche announces positive Phase 3 data for crovalimab in PNH,BioPharma-Reporter.com
Google,https://finance.yahoo.com/news/roche-introduces-test-detect-contagious-133335726.html,Roche Introduces Test To Detect Contagious XBB.1.5 Omicron Sub-Variant,Yahoo Finance
Google,https://www.fiercebiotech.com/medtech/roche-finds-new-head-north-american-diagnostics-division-amid-ceo-shuffle,Roche finds new North American diagnostics chief amid CEO shuffle,Fierce Biotech
Google,https://www.reuters.com/business/healthcare-pharmaceuticals/us-fda-approves-roches-lymphoma-therapy-2022-12-23/,U.S. FDA approves Roche's lymphoma therapy,Reuters
Google,https://finance.yahoo.com/news/sonnet-biotherapeutics-announces-collaboration-roche-130000381.html,"Sonnet BioTherapeutics Announces a Collaboration with Roche for the 
Clinical Evaluation of SON-1010 with atezolizumab in Ovarian Cancer",Yahoo Finance
Google,https://www.fiercepharma.com/marketing/roches-genentech-hires-gilead-novartis-alums-brand-new-marketing-roles,"Roche's Genentech hires Gilead, Novartis alums for brand new marketing roles",Fierce Pharma
Google,https://www.globenewswire.com/news-release/2023/01/12/2587573/0/en/Roche-announces-the-European-Commission-approval-of-Xofluza-for-the-treatment-and-prevention-of-influenza-in-children-aged-one-year-and-above.html,"Roche announces the European Commission approval of Xofluza for the 
treatment and prevention of influenza in ...",GlobeNewswire
Google,https://finance.yahoo.com/news/ad-hoc-announcement-pursuant-art-060300376.html,"[Ad hoc announcement pursuant to Art. 53 LR] Transaction in Roche bearer 
shares",Yahoo Finance
Google,https://www.pillarcatholic.com/p/roches-gamble-and-the-vatican-law-of-power,Roche's gamble — and the Vatican law of power,The Pillar
Google,https://www.biospace.com/article/roche-s-tecentriq-avastin-combo-scores-a-first-in-liver-cancer/,Roche's Tecentriq/Avastin Combo Scores a First in Liver Cancer,BioSpace
Google,https://www.reuters.com/business/healthcare-pharmaceuticals/roche-names-sause-head-diagnostics-arm-2022-10-03/,Roche names Sause head of diagnostics arm,Reuters
Google,https://www.globenewswire.com/en/news-release/2022/10/20/2538146/0/en/HOOKIPA-announces-strategic-collaboration-and-license-agreement-with-Roche-to-develop-novel-arenaviral-immunotherapy-for-KRAS-mutated-cancers.html,"HOOKIPA announces strategic collaboration and license agreement with Roche 
to develop novel arenaviral ...",GlobeNewswire
Google,https://www.reuters.com/business/healthcare-pharmaceuticals/roche-diagnostics-head-become-group-ceo-2022-07-21/,Roche diagnostics head to take helm of Swiss pharma giant,Reuters
Google,https://www.fiercebiotech.com/biotech/roche-further-taps-drug-discovery-spinouts-nimble-tech-11b-biobucks-deal,"Roche further taps drug discovery spinout's Nimble tech in $1.1B biobucks 
deal",Fierce Biotech
Google,https://www.biospace.com/article/fda-action-alert-roche-and-acadia-/,FDA Action Alert: Roche and Acadia,BioSpace
Google,https://www.fiercepharma.com/marketing/sanofi-tops-online-global-presence-ranking-big-pharmas-new-report-exposes-industry-gaps,"Sanofi tops online global presence ranking for Big Pharmas, but new report 
exposes industry gaps at local level",Fierce Pharma
Google,https://www.prnewswire.com/news-releases/roche-introduces-the-cobas-5800-a-new-molecular-diagnostic-system-to-expand-access-to-pcr-testing-in-the-us-301663859.html,"Roche introduces the cobas 5800, a new molecular diagnostic system to 
expand access to PCR testing in the U.S.",PR Newswire
Google,https://www.fiercebiotech.com/biotech/roche-offers-554-million-biobucks-need-kronos-small-molecule-discovery-pact,Roche offers up to $554M in biobucks to in-need Kronos,Fierce Biotech
Google,https://news.bloomberglaw.com/business-and-practice/crypto-leaks-risks-roche-freedman-losing-more-class-action-work,Crypto Leaks Risks Roche Freedman Losing More Class Action Work,Bloomberg Law News
Google,https://www.evaluate.com/vantage/articles/news/corporate-strategy-snippets/roche-eyes-competition,Roche eyes up the competition,Evaluate Pharma
Google,https://www.labiotech.eu/trends-news/sysnav-roche-movement-tracking-technology/,Sysnav and Roche partner on movement tracking technology,Labiotech
Google,https://www.fiercepharma.com/pharma/roche-gets-lunsumio-across-fda-finish-line-offering-convenient-option-follicular-lymphoma,FDA signs off on Roche's Lunsumio to treat follicular lymphoma,Fierce Pharma
Google,https://www.fiercepharma.com/pharma/roche-having-shared-data-regulators-unwraps-results-subcutaneous-tecentriq-phase-3-trial,Roche unwraps results of subcutaneous Tecentriq phase 3 trial,Fierce Pharma
Google,https://www.fiercepharma.com/pharma/roche-touts-lunsumios-durable-efficacy-abbvie-regeneron-plot-lymphoma-bispecific-battle,"ASH: Roche touts Lunsumio's durable efficacy as AbbVie, Regeneron plot 
lymphoma bispecific battle",Fierce Pharma
Google,https://www.mobihealthnews.com/news/asia/roche-pharma-india-launches-mobile-app-cancer-patients,Roche Pharma India launches mobile app for cancer patients,MobiHealthNews
Google,https://www.baltimoresun.com/obituaries/bs-md-ob-walter-roche-20221208-7mpoesapcvc7ran3xj3baooumu-story.html,"Walter F. 'Wally' Roche Jr., a dogged career investigative reporter, dies",Baltimore Sun
Google,https://www.globenewswire.com/news-release/2023/03/14/2626667/0/en/Roche-Annual-General-Meeting-2023.html,Roche Annual General Meeting 2023,GlobeNewswire
Google,https://www.globenewswire.com/news-release/2023/03/14/2626667/0/en/Roche-Annual-General-Meeting-2023.html,Roche Annual General Meeting 2023,GlobeNewswire
Google,https://www.wsj.com/articles/regeneron-borrows-from-big-pharma-playbook-to-keep-roche-shorts-at-bay-eeb59d7e,"Regeneron Borrows From Big Pharma Playbook to Keep Roche, Shorts at Bay",The Wall Street Journal
Google,https://www.ft.com/content/df20b1b7-6368-44bb-803d-b8602d575275,Roche late-stage Alzheimer's trials end in failure,Financial Times
Google,https://www.cbsnews.com/boston/news/easton-roche-bros-employee-ernesto-daveiga-best-bagger-championship/,"'It's $10,000 on the line,' Easton Roche Bros. worker heading to Best 
Bagger Championship",CBS News
Google,https://bioprocessintl.com/bioprocess-insider/facilities-capacity/roche-building-commercial-plant-as-part-of-700m-ca-spend/,"Roche building CA commercial plant - BioProcess InsiderBioProcess 
International",BioProcess International
Google,https://pharmaphorum.com/news/roche-lilly-join-forces-blood-test-alzheimers,"Roche, Lilly join forces on blood test for Alzheimer's",Pharmaphorum
Google,https://www.globenewswire.com/news-release/2023/01/26/2595729/0/en/Roche-launches-COVID-19-PCR-test-to-detect-the-fast-spreading-XBB-1-5-Omicron-sub-variant.html,"Roche launches COVID-19 PCR test to detect the fast spreading XBB.1.5 
Omicron sub-variant",GlobeNewswire
Google,https://www.forbes.com/sites/greatspeculations/2022/09/30/whats-happening-with-roche-rhhby-stock/,What’s Happening With Roche (RHHBY) Stock?,Forbes
Google,https://www.globenewswire.com/news-release/2022/11/14/2554515/0/en/Ad-hoc-announcement-pursuant-to-Art-53-LR-Roche-provides-update-on-Phase-III-GRADUATE-programme-evaluating-gantenerumab-in-early-Alzheimer-s-disease.html,"[Ad hoc announcement pursuant to Art. 53 LR] Roche provides update on Phase 
III GRADUATE programme evaluating ...",GlobeNewswire
Google,https://www.fiercebiotech.com/medtech/roche-rebrands-rapid-covid-test-it-heads-us-store-shelves,Roche rebrands rapid COVID test as it heads to US store shelves,Fierce Biotech
Google,https://www.forbes.com/sites/greatspeculations/2022/09/30/whats-happening-with-roche-rhhby-stock/,What’s Happening With Roche (RHHBY) Stock?,Forbes
Google,https://seekingalpha.com/article/4569266-johnson-and-johnson-vs-roche-better-dividend-stock,Johnson & Johnson (JNJ) Is A Better Dividend Stock Than Roche,Seeking Alpha
Google,https://en.hdbuzz.net/339,Roche Phase II GENERATION HD2 study underway,HDBuzz
Google,https://www.roche.com/stories/evolution-of-clinical-trials/,The continuing evolution of clinical trials,Roche
Google,https://www.fiercebiotech.com/medtech/roche-rebrands-rapid-covid-test-it-heads-us-store-shelves,Roche rebrands rapid COVID test as it heads to US store shelves,Fierce Biotech
Google,https://richmondspiders.com/news/2023/1/15/mens-basketball-jason-roche-joins-coach-mooney-on-behind-the-web-monday-6-7pm-at-world-of-beer.aspx,"TONIGHT! Jason Roche Joins Coach Mooney On Behind The Web Monday 6-7pm At 
World Of Beer - University of ...",Richmond Athletics
Google,https://www.statnews.com/2022/11/30/roches-failed-alzheimers-studies-lend-weight-to-an-emerging-idea-about-potential-treatments/,Roche's failed Alzheimer's studies lend weight to an emerging idea,STAT News
Google,https://news.bloomberglaw.com/business-and-practice/roche-firm-booted-from-tether-action-after-crypto-leaks-post,Roche Firm Booted From Tether Action After Crypto Leaks Post (1),Bloomberg Law News
Google,https://www.biospace.com/article/roche-ionis-chinook-and-vera-move-forward-in-igan-/,"Roche/Ionis, Chinook and Vera Eye Phase III in IgAN",BioSpace
Google,https://www.wsj.com/articles/alzheimers-drug-from-roche-fails-in-late-stage-trials-11668425663,Alzheimer's Drug From Roche Fails in Late-Stage Trials,The Wall Street Journal
Google,https://www.prnewswire.com/news-releases/roche-granted-fda-clearance-for-cobas-pure-integrated-solutions-for-low--to-mid-volume-laboratories-301627440.html,"Roche granted FDA clearance for cobas pure integrated solutions for low- to 
mid-volume laboratories",PR Newswire
Google,https://www.digitaljournal.com/pr/news/biomarker-poct-market-future-growth-opportunities-2023-2030-roche-abbott-siemens-healthineers,"Biomarker POCT Market Future Growth Opportunities 2023-2030 | Roche, 
Abbott, Siemens Healthineers",Digital Journal
Google,https://www.genengnews.com/neurological-disorders/alzheimers/stockwatch-analysts-sour-on-roche-after-alzheimers-clinical-failure/,StockWatch: Analysts Sour on Roche after Alzheimer's Clinical Failure,Genetic Engineering and Biotechnology News
Google,https://www.fiercebiotech.com/biotech/roche-records-phase-3-rare-disease-win-ahead-soliris-showdown,ASH: Roche records phase 3 rare disease win ahead of Soliris showdown,Fierce Biotech
Google,https://www.fiercepharma.com/pharma/fda-advisers-backs-roches-blockbuster-polivy-dream-front-line-lymphoma,FDA's advisers support Roche's Polivy in front-line lymphoma,Fierce Pharma
Google,https://www.labpulse.com/diseases/cancer/cervical-cancer/article/15306640/bioreference-offering-roche-diagnostics-cytology-test-for-women-at-high-risk-for-hpv,"BioReference offering Roche Diagnostics cytology test for women at high 
risk for HPV",LabPulse.com
Google,https://www.ruddfuneralhome.com/obituaries/colleen-newman,Colleen Marie Roche Newman Obituary 2023,Rudd Funeral Home
Google,https://www.wsj.com/articles/bayer-to-replace-ceo-werner-baumann-with-former-roche-executive-11675881682,Bayer Hires Former Roche Executive to Succeed CEO Werner Baumann,The Wall Street Journal
Google,https://www.pharmalive.com/roche-2022-portfolio-renewal/,Roche 2022: Portfolio renewal – PharmaLive,PharmaLive
Google,https://www.fiercepharma.com/pharma/roches-vabysmo-lands-clinical-counterpunch-ophthalmology-brawl-eylea,Roche touts Vabysmo toe-to-toe data against Eylea in RVO,Fierce Pharma
Google,https://www.digitaljournal.com/pr/news/dna-sequencing-equipment-market-2023-analysis-by-leading-key-players-roche-illumina-thermo-fisher-scientific-danaher,"DNA Sequencing Equipment Market 2023 Analysis by Leading Key Players – 
Roche, Illumina, Thermo Fisher Scientific ...",Digital Journal
Google,https://www.globenewswire.com/en/news-release/2022/10/18/2535955/0/en/Ad-hoc-announcement-pursuant-to-Art-53-LR-Roche-records-solid-results-for-the-first-nine-months-of-2022.html,"[Ad hoc announcement pursuant to Art. 53 LR] Roche records solid results 
for the first nine months of 2022",GlobeNewswire
Google,https://www.bloomberg.com/news/articles/2022-12-01/roche-rog-sw-failed-alzheimer-s-drug-cut-amyloid-less-than-hoped-results-show,"Roche's Failed Alzheimer's Drug Cleared Less Amyloid Than Hoped, Results 
Show",Bloomberg.com
Google,https://www.bloomberg.com/news/articles/2022-10-18/roche-ceo-cautious-on-alzheimer-s-trial-despite-eisai-s-success,Roche CEO Cautious on Alzheimer's Trial Despite Eisai's Success,Bloomberg.com
Google,https://www.centerforbiosimilars.com/view/genentech-roche-recalls-ophthalmology-biobetter-susvimo,"Genentech, Roche Recall Ophthalmology Biobetter Susvimo",Center for Biosimilars®
Google,https://www.morningstar.com/news/dow-jones/202302022300/roche-2022-sales-grew-but-expects-2023-decline-on-covid-19-products-update,"Roche 2022 Sales Grew, But Expects 2023 Decline on Covid-19 Products — 
Update",Morningstar
Google,https://www.massdevice.com/roche-diagnostics-promotes-matt-sause-ceo/,Roche Diagnostics promotes from within to fill corner office,MassDevice
Google,https://www.fiercebiotech.com/biotech/roche-plots-multi-kras-attack-paying-hookipa-25m-arenaviral-immunotherapy,"Roche plots multi-KRAS attack, paying Hookipa $25M for arenaviral 
immunotherapy",Fierce Biotech
Google,https://www.digitaljournal.com/pr/news/radiology-information-system-market-size-status-and-global-outlook-2023-2029-allscripts-healthcare-solutions-inc-f-hoffmann-la-roche-ltd-carestream-health-inc-cerner-corporation,"Radiology Information System Market Size, Status And Global Outlook 
2023-2029 | Allscripts Healthcare Solutions, Inc ...",Digital Journal
Google,https://www.winnipegfreepress.com/breakingnews/2023/04/14/la-roche-on-the-road-to-recovery,La Roche on the road to recovery – Winnipeg Free Press,Winnipeg Free Press
Google,https://www.medgadget.com/2023/04/cryopyrin-associated-periodic-syndrome-pipeline-booms-as-4-therapies-likely-to-enter-the-treatment-domain-major-companies-novartis-roche-mabpharm-and-others.html,"Cryopyrin-Associated Periodic Syndrome Pipeline Booms as 4+ Therapies 
Likely to Enter the Treatment Domain ...",Medgadget
Google,https://www.fiercebiotech.com/medtech/roche-diagnostics-taps-north-american-head-sause-be-next-ceo,Roche Diagnostics taps North American head Sause to be next CEO,Fierce Biotech
Google,https://www.globenewswire.com/en/news-release/2023/01/19/2591423/0/en/Ad-hoc-announcement-pursuant-to-Art-53-LR-Roche-s-Tecentriq-plus-Avastin-is-the-first-treatment-combination-to-reduce-the-risk-of-cancer-returning-in-people-with-certain-types-of-e.html,[Ad hoc announcement pursuant to Art. 53 LR] Roche's,GlobeNewswire
Google,https://www.labiotech.eu/trends-news/roche-jhpiego-improve-cervical-breast-cancer-outcomes/,"Ghana first to benefit from Roche partnership with Jhpiego to improve 
cervical and breast cancer outcomes for women",Labiotech
Google,https://obituaries.newburyportnews.com/obituary/esther-roche-1086841130,Esther Roche | Obituary | The Daily News of Newburyport,The Daily News of Newburyport Obituaries
Google,https://finance.yahoo.com/news/roche-receives-fda-approval-label-060000781.html,"Roche receives FDA approval of label expansion for VENTANA PD-L1 (SP263) 
Assay to identify patients with locally advanced and metastatic non-small 
cell lung cancer eligible for Libtayo",Yahoo Finance
Google,https://www.medgadget.com/2023/04/oncology-cancer-drugs-market-in-gcc-growth-rate-driving-factor-and-analysis-of-industry-top-leader-hoffmann-la-roche-ltd-and-johnson-johnson.html,"Oncology/Cancer Drugs Market in GCC | Growth Rate, Driving Factor, and 
Analysis of Industry Top Leader - Hoffmann ...",Medgadget
Google,https://www.fiercebiotech.com/medtech/roche-nets-fda-clearance-csf-based-alzheimers-diagnostic-tests,Roche nets FDA clearance for CSF-based Alzheimer's diagnostic tests,Fierce Biotech
Google,https://simplywall.st/stocks/ch/pharmaceuticals-biotech/vtx-rog/roche-holding-shares/news/the-total-return-for-roche-holding-vtxrog-investors-has-rise,"The total return for Roche Holding (VTX:ROG) investors has risen faster 
than earnings growth over the last five years",Simply Wall St
Google,https://www.prnewswire.com/news-releases/poseida-therapeutics-announces-strategic-global-collaboration-with-roche-focused-on-allogeneic-car-t-cell-therapies-for-hematologic-malignancies-301598555.html,"Poseida Therapeutics Announces Strategic Global Collaboration with Roche 
Focused on Allogeneic CAR-T Cell ...",PR Newswire
Google,https://www.statnews.com/2022/11/17/podcast-roche-failure-eisai-success-live-ama/,"Roche's failure, Eisai's success, and a live AMA",STAT News
Google,https://www.fiercepharma.com/pharma/tecentriq-and-cabometyx-flunk-lung-cancer-study-damning-roche-ipsen-combo-indication-analyst,Roche's Tecentriq flunks Cabometyx combo study in lung cancer,Fierce Pharma
Google,https://scrip.pharmaintelligence.informa.com/SC147808/European-Pharma-2023-A-Rocky-Year-For-Roche-But-Novo-Is-Rising-Fast,European Pharma 2023: A Rocky Year For Roche But Novo Is Rising Fast,Scrip
Google,https://www.reuters.com/business/healthcare-pharmaceuticals/us-fda-grants-priority-review-roches-bispecific-antibody-glofitamab-2023-01-06/,U.S. FDA grants priority review to Roche's bispecific antibody Glofitamab,Reuters
Google,https://www.fiercebiotech.com/biotech/roches-high-risk-failure-has-industry-circling-wagons-future-alzheimers-research,Roche Alzheimer's fail has industry circling the wagons,Fierce Biotech
Google,https://www.globenewswire.com/news-release/2022/11/03/2547729/0/en/Roche-to-present-data-at-ASH-2022-showcasing-strength-of-haematology-portfolio-and-expanding-into-new-areas-to-address-more-patient-needs.html,"Roche to present data at ASH 2022 showcasing strength of haematology 
portfolio and expanding into new areas to ...",GlobeNewswire
Google,https://www.evaluate.com/vantage/articles/events/company-events/roche-sets-gantenerumab-expectations,Roche sets the gantenerumab expectations,Evaluate Pharma
Google,https://www.fiercepharma.com/pharma/esmo-roche-spots-big-untouched-newly-diagnosed-lung-cancer-market-tecentriq-monotherapy,"ESMO: Roche eyes untouched newly diagnosed lung cancer market for solo 
Tecentriq",Fierce Pharma
Google,https://www.fiercebiotech.com/biotech/jnana-therapeutics-adds-more-financing-and-new-roche-deal-worth-more-2b-its-clinical,"Jnana Therapeutics brings in $107M funds, $2B Roche collab",Fierce Biotech
Google,https://ritathletics.com/news/2022/11/27/mens-basketball-rit-beats-la-roche-81-77-for-brodie-title.aspx,"RIT beats La Roche 81-77 to win Harold J. Brodie title - Rochester 
Institute of Technology Athletics",RIT Athletics
Google,https://www.biopharma-reporter.com/Article/2022/11/14/Roche-Alzheimer-s-drug-fails-to-meet-primary-endpoint-in-Phase-3-trial,Roche Alzheimer's drug fails to meet primary endpoint in Phase 3 trial,BioPharma-Reporter.com
Google,https://www.statnews.com/2022/09/07/roche-pays-250-million-to-acquire-good-therapeutics-and-its-preclinical-cancer-therapy/,"Roche pays $250 million to acquire Good Therapeutics and its preclinical 
cancer therapy",STAT News
Google,https://www.fiercebiotech.com/biotech/roche-thins-alzheimers-program-after-phase-3-failure-may-seek-external-partnerships,Roche thins Alzheimer's program after phase 3 failure,Fierce Biotech
Google,https://www.fiercepharma.com/manufacturing/roche-recalls-susvimo-implant-lucentis-leakage-fears-return-market-expected-within,Roche has run into a problem with its new eye med Susvimo,Fierce Pharma
Google,https://www.reuters.com/business/healthcare-pharmaceuticals/roche-gets-us-approval-flu-drug-children-aged-5-over-2022-08-12/,Roche gets U.S. approval for flu drug for children aged 5 and over,Reuters
Google,https://www.roche.com/xproject/,XProject,Roche
Google,https://en.hdbuzz.net/335,"Forward momentum for Roche and Wave in latest news about 
huntingtin-lowering trials",HDBuzz
Google,https://european-biotechnology.com/up-to-date/latest-news/news/roche-withdraws-checkpoint-blocker-from-the-market.html,Roche withdraws checkpoint blocker from the market,European Biotechnology
Google,https://www.mddionline.com/ivd/roche-scores-worlds-first-cdx-certificate-under-new-eu-regulation,Roche Scores World's First CDx Certificate Under New EU Regulation,Medical Device and Diagnostic Industry
Google,https://www.fiercepharma.com/pharma/change-top-roche-diagnostics-chief-schinecker-take-over-ceo-replacing-schwan,Roche to replace CEO Schwan with diagnostics chief Schinecker,Fierce Pharma
Google,https://www.roche.com/xproject/xstories/women-in-leadership/,Women in leadership: paving the way for equal health,Roche
Google,https://gotuftsjumbos.com/news/2022/10/26/football-alumnus-frank-roche-named-athletics-civic-engagement-coordinator.aspx,"Alumnus Frank Roche Named Athletics Civic Engagement Coordinator - Tufts 
University",Tufts Athletics
Google,https://www.fiercebiotech.com/biotech/chutes-ladders-roches-executive-dominos-continue-tip-pharma-leader-latest-exit,"Chutes & Ladders—Roche's executive dominoes continue to tip, with pharma 
leader the latest to exit",Fierce Biotech
Google,https://simplywall.st/stocks/ch/pharmaceuticals-biotech/vtx-rog/roche-holding-shares/news/roche-holding-full-year-2022-earnings-eps-misses-expectation,Roche Holding Full Year 2022 Earnings: EPS Misses Expectations,Simply Wall St
Google,https://www.washingtonpost.com/health/2022/11/14/alzheimers-drug-failure/,Experimental Alzheimer's drug from Roche fails in trials,The Washington Post
Google,https://english.alarabiya.net/News/world/2022/11/14/Roche-Alzheimer-s-drug-fails-in-clinical-studies,Roche Alzheimer’s drug fails in clinical studies,Al Arabiya
Google,https://www.cbsnews.com/boston/news/sonny-vaccaro-chats-about-his-courtship-of-michael-jordan-for-nike-with-dan-roche/,"'Air' inspiration Sonny Vaccaro discusses his courtship of Michael Jordan 
for Nike",CBS News
Google,https://www.pharmaceutical-technology.com/news/roche-good-therapeutics/,Roche to acquire biopharma firm Good Therapeutics for $250m,Pharmaceutical Technology
Google,https://www.fiercebiotech.com/biotech/roche-snaps-good-therapeutics-shape-shifting-program-250m-skys-limit-spinout,"Roche snaps up PD-1-focused Good Therapeutics for $250M; 'Sky's the limit' 
for spinout",Fierce Biotech
Google,https://www.fiercepharma.com/pharma/roche-touts-evrysdi-win-previously-treated-patients-turning-heat-sma-rivalry-biogen-and,Roche pads case for Evrysdi in previously treated SMA patients,Fierce Pharma
Google,https://www.globenewswire.com/news-release/2022/10/24/2539636/0/en/Roche-receives-FDA-clearance-for-COVID-19-PCR-test-for-use-on-cobas-6800-8800-Systems.html,"Roche receives FDA clearance for COVID-19 PCR test for use on cobas 
6800/8800 Systems",GlobeNewswire
Google,https://www.fiercebiotech.com/biotech/roches-anti-amyloid-antibody-gantenerumab-fails-phase-3-alzheimers-trials,"Roche's anti-amyloid antibody gantenerumab fails phase 3 in major blow to 
Alzheimer's ambitions",Fierce Biotech
Google,https://www.fiercebiotech.com/medtech/roche-launches-20-antigen-tests-covids-road-ahead,Roche launches '2.0' antigen tests for COVID's road ahead,Fierce Biotech
Google,https://www.globenewswire.com/en/news-release/2022/08/23/2502601/0/en/Roche-launches-a-digital-PCR-system-a-powerful-new-diagnostics-platform-in-the-fight-against-cancer-and-other-diseases.html,"Roche launches a digital PCR system, a powerful new diagnostics platform in 
the fight against cancer and other diseases",GlobeNewswire
Google,https://www.digitaljournal.com/pr/news/pancreatic-cancer-diagnosis-market-2023-comprehensive-study-by-top-key-players-f-hoffmann-la-roche-ag-merck-kgaa-apexigen,"Pancreatic Cancer Diagnosis Market 2023 Comprehensive Study by Top Key 
Players - F Hoffmann-La Roche AG ...",Digital Journal
Google,https://www.genomeweb.com/business-news/jp-morgan-healthcare-conference-day-2-thermo-fisher-agilent-roche-seer-more,"JP Morgan Healthcare Conference, Day 2: Thermo Fisher, Agilent, Roche, 
Seer, More",GenomeWeb
Google,https://www.globenewswire.com/news-release/2022/07/18/2480756/0/en/Roche-launches-innovative-dual-antigen-and-antibody-diagnostic-test-supporting-the-fight-to-eliminate-the-hepatitis-C-virus.html,"Roche launches innovative dual antigen and antibody diagnostic test 
supporting the fight to eliminate the hepatitis C virus",GlobeNewswire
Google,https://www.ft.com/content/b582bf33-04d3-4e36-af46-12c06c08d95b,Bayer appoints Roche veteran Anderson as chief executive,Financial Times
Google,https://www.irmagazine.com/sell-side/roches-new-head-ir-discusses-his-latest-role,Roche's new head of IR discusses his latest role,IR Magazine
Google,https://www.roche.com/stories/redefining-lung-cancer-together/,Redefining lung cancer together,Roche
Google,https://www.digitaljournal.com/pr/news/bench-top-hba1c-testing-device-market-report-covers-future-trends-with-research-2023-2030-abbott-laboratories-roche-siemens,"Bench-top HbA1c Testing Device Market Report Covers Future Trends with 
Research 2023-2030 | Abbott Laboratories ...",Digital Journal
Google,https://www.fiercebiotech.com/medtech/roche-nets-fda-approval-her2-low-breast-cancer-test-paired-astrazeneca-and-daiichis-enhertu,"Roche nets FDA approval for HER2-low breast cancer test paired with 
AstraZeneca-Daiichi's Enhertu",Fierce Biotech
Google,https://news.bloomberglaw.com/business-and-practice/roche-freedman-makes-plea-to-stay-on-as-counsel-in-tether-action,Roche Freedman Makes Plea to Stay On as Counsel In Tether Action,Bloomberg Law News
Google,https://www.trailrunnermag.com/training/trail-tips-training/coach-roches-9-favorite-workouts-for-trail-runners/,Coach Roche's 9 Favorite Workouts For Trail Runners,Trail Runner Magazine
Google,https://www.theguardian.com/society/2022/nov/14/disappointment-after-potential-alzheimers-drug-fails-roche-trial-gantenerumab,Disappointment after potential Alzheimer’s drug fails Roche trial,The Guardian
Google,https://pharmaphorum.com/news/roches-head-of-pharma-bill-anderson-heads-for-exit,Roche's head of pharma Bill Anderson heads for exit,Pharmaphorum
Google,https://www.fiercepharma.com/manufacturing/genentechs-new-oceanside-biologics-plant-serve-launch-facility-future-approvals,Genentech exec sheds more light on plans for California biologics plant,Fierce Pharma
Google,https://www.reuters.com/business/healthcare-pharmaceuticals/alzheimers-drug-breakthrough-big-boost-roche-eli-lilly-2022-09-28/,"Analysis: Alzheimer's drug trial breakthrough boost for Roche, Eli Lilly",Reuters
Google,https://www.digitaljournal.com/pr/news/elderly-nutrition-market-economic-indicators-and-product-offerings-worldwide-with-future-prospects-by-2030-amgen-eli-lilly-and-company-f-hoffmann-la-roche-bristol-myers-squibb-company-boehringer-ingelheim-gmbh,"Elderly Nutrition Market Economic Indicators and Product Offerings 
Worldwide With Future Prospects by 2030 | Amgen ...",Digital Journal
Google,https://www.fiercebiotech.com/biotech/roche-drops-midphase-hepatitis-b-and-eye-disease-programs-quarterly-pipeline-clearout,"Roche drops midphase hepatitis B and eye disease programs in quarterly 
pipeline clearout",Fierce Biotech
Google,https://www.pharmaceutical-technology.com/comment/roche-wet-amd/,A game of two halves for Roche's recently approved wet AMD assets,Pharmaceutical Technology
Google,https://www.fiercebiotech.com/biotech/roche-scraps-5-trials-while-ceo-admits-alzheimers-tigit-ambitions-remain-risky-bets,"Roche scraps 5 trials while Alzheimer's, TIGIT plans still risky",Fierce Biotech
Google,https://www.loreal.com/en/division-beaute-dermatologique/la-roche-posay/,La Roche-Posay - L'Oréal Group,L'Oreal
Google,https://www.pharmacytimes.com/view/fda-grants-eua-to-roche-s-real-time-pcr-test-for-monkeypox-virus,FDA Grants EUA to Roche's Real Time PCR Test for Monkeypox Virus,Pharmacy Times
Google,https://www.roche.com/investors/updates/inv-update-2022-10-18,Doing now what patients need next,Roche - Doing now what patients need next
Google,https://www.globenewswire.com/en/news-release/2022/10/04/2527406/0/en/Roche-receives-FDA-approval-for-first-companion-diagnostic-to-identify-patients-with-HER2-low-metastatic-breast-cancer-eligible-for-ENHERTU.html,"Roche receives FDA approval for first companion diagnostic to identify 
patients with HER2 low metastatic breast cancer ...",GlobeNewswire
Google,https://www.fiercebiotech.com/medtech/fda-grants-3rd-monkeypox-test-authorization-roche-cases-decline,FDA grants 3rd monkeypox test authorization to Roche as cases decline,Fierce Biotech
Google,https://www.digitaljournal.com/pr/news/insulin-pumps-market-outlook-strategies-challenges-advancements-geography-trends-and-growth-applications-and-forecast-2030-medtronics-braun-melsungen-abbott-laboratories-and-hoffmann-la-roche-ag-,"Insulin Pumps Market Outlook, Strategies, Challenges, Advancements, 
Geography Trends and Growth, Applications ...",Digital Journal
Google,https://www.roche.com/stories/making-sense-alzheimers,Deciphering Alzheimer’s clinical endpoints,Roche
Google,https://www.fiercepharma.com/marketing/roche-celebrates-five-years-ocrevus-push-en-espanol,Roche celebrates 5 years of Ocrevus with a push en Español,Fierce Pharma
Google,https://news.bloomberglaw.com/esg/blackhawk-ceo-talbott-roche-pays-30-million-to-end-buyout-case,Blackhawk CEO Talbott Roche Pays $30 Million to End Buyout Case,Bloomberg Law News
Google,https://www.fiercepharma.com/pharma/chasing-roche-merck-talks-subcutaneous-keytruda-ahead-phase-3-data-drop,"Chasing Roche, Merck talks up subcutaneous Keytruda ahead of phase 3 data 
drop",Fierce Pharma
Google,https://www.labiotech.eu/trends-news/roche-covid-test-variant/,Roche launches COVID-19 test to detect emerging variant of interest,Labiotech.eu
Google,https://www.contractpharma.com/heaps/view/10305/2/435388/,Roche : Top 25 Pharma & BioPharma in 2022,Contract Pharma
Google,https://www.evaluate.com/vantage/articles/news/trial-results-snippets/gsk-moves-ahead-roche-tim3-race,GSK moves ahead of Roche in the Tim3 race,Evaluate Pharma
Google,https://www.pharmaceutical-technology.com/news/roche-actemra-iv-covid-19/,Roche to supply Actemra IV courses to Canada for Covid-19,Pharmaceutical Technology
Google,https://news.bloomberglaw.com/pharma-and-life-sciences/roche-picks-diagnostics-chief-as-new-ceo-after-pandemic-wins-2,Roche Picks Diagnostics Chief as New CEO After Pandemic Wins (2),Bloomberg Law News
Google,https://www.businesswire.com/news/home/20220907005310/en/Good-Therapeutics-Announces-Acquisition-of-Conditionally-Active-PD-1-regulated-IL-2-Program-by-Roche,"Good Therapeutics Announces Acquisition of Conditionally Active 
PD-1-regulated IL-2 Program by Roche",Business Wire
Google,https://seekingalpha.com/news/3858910-roche-diagnostics-head-to-be-ceo-in-20203-h1-sales-get-boost-from-diagnostics-new-drugs-fy-outlook-confirmed,"Roche to get new CEO in 2023; H1 sales get boost from diagnostics, outlook 
confirmed",Seeking Alpha
Google,https://www.biospace.com/article/roche-s-ocrevus-shines-at-ectrims-in-relapsing-remitting-ms-safety-studies/,"Roche’s Ocrevus Shines in Relapsing-Remitting MS, Safety Studies",BioSpace
Google,https://www.reporterherald.com/2023/02/13/larry-roche-bidens-presidency-has-been-a-failure-to-date,Larry Roche: Biden’s presidency has been a failure to date,Loveland Reporter-Herald
Google,https://www.prweek.com/article/1805133/roche-diagnostics-brings-johnny-smith-lead-comms-strategy,Roche Diagnostics brings on Johnny Smith to lead comms strategy,PR Week
Google,https://tucson.com/news/local/roche-tissue-diagnostics-expands-marana-facility/video_16c42d04-d9bc-56a2-980d-bc33b5fbdc46.html,Roche Tissue Diagnostics expands Marana facility,Arizona Daily Star
Google,https://www.globenewswire.com/en/news-release/2022/05/12/2441448/0/en/Roche-enters-partnership-with-the-Global-Fund-to-support-low-and-middle-income-countries-in-strengthening-critical-diagnostics-infrastructure.html,"Roche enters partnership with the Global Fund to support low- and 
middle-income countries in strengthening critical ...",GlobeNewswire
Google,https://www.fiercepharma.com/marketing/all-eyes-high-dose-eylea-roches-new-vabysmo-makes-moderate-impact-blockbuster-eye-disease,Eylea set to battle back at Roche's Vabysmo,Fierce Pharma
Google,https://www.marketscreener.com/quote/stock/ROCHE-HOLDING-AG-9364975/news/Genentech-Data-Highlights-Strength-of-Ophthalmology-Portfolio-and-Commitment-to-Advancing-Eye-Care-a-43480907/,"Genentech Data Highlights Strength of Ophthalmology Portfolio and 
Commitment to Advancing Eye Care at ARVO 2023",Market Screener
Google,https://www.fiercebiotech.com/biotech/chinas-jemincare-nabs-650m-biobucks-pact-roches-genentech-prostate-cancer-hopeful,China's Jemincare nabs $650M biobucks pact with Genentech,Fierce Biotech
Google,https://www.fiercepharma.com/pharma/daiichis-adc-patent-win-roches-bet-jemincares-protac-abbvies-cd47-retreat,Roche bets on Jemincare's prostate cancer PROTAC—Fierce Pharma Asia,Fierce Pharma
Google,https://www.digitaljournal.com/pr/news/polyclonal-antibody-market-growth-recent-trends-by-regions-type-application-and-geographical-analysis-to-2030-thermo-fisher-scientific-f-hoffmann-la-roche-ag-liquid-genomics-inc-,"Polyclonal Antibody Market Growth, Recent Trends by Regions, Type, 
Application and Geographical Analysis to 2030 ...",Digital Journal
Google,https://www.nature.com/articles/s41598-022-15874-4,"Reliability and validity of the Roche PD Mobile Application for remote 
monitoring of early Parkinson's disease ...",Nature
Google,https://www.roche.com/stories/following-the-fibroblasts/,Pushing the boundaries of science: Following the Fibroblasts,Roche
Google,https://scrip.pharmaintelligence.informa.com/SC147660/Chugai-Building-On-Roche-Alliance-Success-As-It-Eyes-Future-CEO-Okuda,Chugai Building On Roche Alliance Success As It Eyes Future: CEO Okuda,Scrip
Google,https://www.globenewswire.com/en/news-release/2022/09/19/2517947/0/en/European-Commission-approves-Roche-s-Vabysmo-the-first-bispecific-antibody-for-the-eye-for-two-leading-causes-of-vision-loss.html,"European Commission approves Roche's Vabysmo, the first",GlobeNewswire
Google,https://www.vaticannews.va/en/pope/news/2022-06/interview-with-future-cardinal-roche-prefect-of-divine-liturgy.html,"A conversation with future Cardinal Roche, Prefect of Divine Liturgy, 
Sacraments",Vatican News
Google,https://themedicinemaker.com/business-regulation/legislating-meaningful-change,Sitting Down With Roche's Kowid Ho,The Medicine Maker
Google,https://www.thepharmaletter.com/article/roche-latest-to-hook-up-with-hookipa,Roche latest to hook up with Hookipa,The Pharma Letter
Google,https://www.pharmalive.com/schinecker-to-succeed-schwan-at-roche-in-c-level-shakeup/,Schinecker to succeed Schwan at Roche in C-level shakeup – PharmaLive,PharmaLive
Google,https://www.fiercepharma.com/pharma/roches-tecentriq-flunks-postsurgery-kidney-cancer-early-stage-liver-lung-cancer-readout-draw,Roche's Tecentriq flunks adjuvant kidney cancer trial,Fierce Pharma
Google,https://www.fiercebiotech.com/biotech/roche-gets-busy-deal-table-wagering-190m-upfront-shelf-car-ts-and-ex-biogen-asset,"Roche gets busy at the deal table, wagering $190M upfront on off-the-shelf 
CAR-Ts and ex-Biogen asset",Fierce Biotech
Google,https://www.reuters.com/business/healthcare-pharmaceuticals/roche-suffers-setback-with-alzheimers-treatment-2022-06-16/,Roche's study flop marks yet another Alzheimer's setback,Reuters
